,Pix_a_a,Pix_a_o,Pix_b_a,Pix_b_o,Sn_active_and,Sn_active_or,Sn_blob_and,Sn_blob_or,Sn_unfiltered,St_active_and,St_active_or,St_blob_and,St_blob_or,St_unfiltered,Pix_a_a_si,Pix_a_o_si,Pix_b_a_si,Pix_b_o_si,Sn_active_and_pa,Sn_active_or_pa,Sn_blob_and_pa,Sn_blob_or_pa,St_active_and_pa,St_active_or_pa,St_blob_and_pa,St_blob_or_pa,harp_area_si,LL,area,hale,longitude,mcintosh1,mcintosh2,mcintosh3,hale_enc,area_si
2014-12-31,20714.898305084742,24171.898305084746,105497.59322033898,106123.50847457627,4.80871954263751e+19,5.098904794048812e+19,8.306460458656054e+19,8.309048203094373e+19,8.427967809125255e+19,3.65681442782558e+20,4.225111052435249e+20,5.380115295829189e+20,5.37943441415202e+20,5.2384057890877774e+20,2747099050829449.5,3205547906278878.5,1.3990526718117962e+16,1.4073532252371194e+16,17504.71844539272,15906.500052803185,5937.203527797886,5904.024699765345,133115.49238537485,131806.2052405861,38455.41632726273,38223.76868639826,5.175485755625433e+16,7,50,Beta,-63,D,a,i,1,1.52185e+17
2015-01-01,29271.09166666667,33967.425,142139.43333333332,142709.15,1.068437423136486e+20,1.2055447560869054e+20,2.1356396830218096e+20,2.13570815809131e+20,2.1432572500399967e+20,3.833080052344097e+20,3.971668958919756e+20,3.8314967013088906e+20,3.830663676446955e+20,3.695640219115232e+20,3881775664546902.0,4504578279957855.0,1.884977163028551e+16,1.892532440834851e+16,27524.45054707196,26762.655262329787,11329.790752427602,11284.922318949453,98745.53254976703,88169.60683291566,20326.48870479104,20240.94062428403,5.175485755625433e+16,11,270,Beta-Gamma,-48,E,a,c,3,8.21799e+17
2015-01-02,35123.85,40217.30833333333,175993.60833333337,176539.1,1.8941498946663567e+20,2.0996306162836023e+20,3.859608909237561e+20,3.859708435963882e+20,3.8644277137850224e+20,1.6039557207627894e+20,1.3647233795933784e+20,-4.4838764785556816e+19,-4.487710778000673e+19,-5.394389033150027e+19,4657937180062890.0,5333404389549733.0,2.3339331300790188e+16,2.3411671488884064e+16,40664.994426583966,39367.54955985742,16536.93012664372,16486.257454092858,34434.89379006896,25588.222454449842,-1921.1675008031928,-1916.8690198525348,5.175485755625433e+16,11,460,Beta-Gamma,-35,E,k,c,3,1.400102e+18
2015-01-03,38140.3,44480.11666666667,202637.275,203141.20833333328,2.5534233335687283e+20,2.862768943654648e+20,4.928761378523335e+20,4.928771662800737e+20,4.930309381465488e+20,7.236947641459856e+19,3.628575340528426e+19,-1.7620362587782742e+20,-1.762142871226974e+20,-1.8052243593397377e+20,5057962650129546.0,5898715237515298.0,2.6872671910656956e+16,2.6939500854796228e+16,50483.23821654415,48532.075687391974,18341.16605490474,18295.70521505499,14308.029026814782,6151.467216879726,-6556.981995078426,-6541.111807248823,5.175485755625433e+16,12,770,Beta-Gamma-Delta,-22,E,k,c,4,2.343649e+18
2015-01-04,39349.816666666666,46044.65,220703.25833333333,221156.95,2.51822290856669e+20,2.823658290668508e+20,4.783142034683036e+20,4.783161266353538e+20,4.786319196123552e+20,-2.3796458067249795e+19,-5.671329477173102e+19,-2.138759985919001e+20,-2.13887853227346e+20,-2.1725193573416835e+20,5218362283187208.0,6106195282635097.0,2.9268486021659304e+16,2.9328652184607028e+16,48256.95825450893,46242.51534664271,16342.293998888119,16308.83422888404,-4560.139134823672,-9287.82853260741,-7307.381681226261,-7292.795177938787,5.175485755625433e+16,15,900,Beta-Gamma-Delta,-9,E,k,c,4,2.73933e+18
2015-01-05,37891.04166666666,44700.9,227849.4,228352.5666666667,1.9121307784514096e+20,2.1650040456487728e+20,3.8784319478306485e+20,3.878438798188095e+20,3.8791456544818994e+20,-5.209881528232438e+19,-7.326356506777499e+19,-1.88936324360549e+20,-1.889378986721132e+20,-1.9000393822270007e+20,5024907342745136.0,5927994342655296.0,3.021616911913191e+16,3.028289639203722e+16,38053.05547000995,36521.69554330265,12835.617687137412,12807.357486478462,-10368.114619574755,-12358.91278448124,-6252.821911859123,-6239.096030516874,5.175485755625433e+16,15,860,Beta-Gamma-Delta,4,E,k,c,4,2.617582e+18
2015-01-06,34587.525,41532.375,237489.76666666663,238058.99166666679,1.2569420308157035e+20,1.4085642142755596e+20,2.6762854004733464e+20,2.676282228235712e+20,2.6765038471877768e+20,1.7586340145251738e+19,7.178051010687435e+18,-7.652229319244379e+19,-7.651379369558088e+19,-7.489050925781785e+19,4586812626288254.0,5507801499232415.0,3.149462299950395e+16,3.1570110575362576e+16,27403.387345971612,25573.982912635136,8497.594654539915,8477.265931163041,3834.109125029373,1303.2515808145574,-2429.6938938957624,-2423.615004861355,5.175485755625433e+16,16,700,Beta-Gamma-Delta,18,F,k,c,4,2.13059e+18
2015-01-07,29719.67521367521,35961.7094017094,234244.3589743589,235116.0940170941,5.045577238543492e+19,5.675117357427302e+19,1.254662221901753e+20,1.2547090343147194e+20,1.260686508670787e+20,7.006264908974875e+19,7.296025033994937e+19,4.89920085898314e+19,4.8957819501291225e+19,5.323865978493553e+19,3941264415978637.5,4769049613890259.0,3.1064234384518344e+16,3.1179839224725776e+16,12801.925235180262,11899.891628088842,4038.928519439211,4024.1036051261244,17776.69338948724,15298.698115332349,1577.1194610303294,1570.1754954036908,5.175485755625433e+16,16,460,Beta-Gamma,30,F,k,c,3,1.400102e+18
2015-01-08,22847.025,28366.6,197422.23333333328,198329.6,2.9874180061495718e+19,3.341335195328072e+19,6.617032860069132e+19,6.618673478977108e+19,6.833568772277767e+19,2.553421892598328e+19,3.358068706045397e+19,6.427263504143273e+19,6.435118357304095e+19,7.368665973996383e+19,3029850292645207.0,3761826816023071.5,2.618108096960852e+16,2.6301411085259756e+16,9859.95253099258,8882.214303688932,2527.410104934286,2516.4708682441938,8427.551350628173,8926.696709540394,2454.926712767956,2446.681790738811,5.175485755625433e+16,17,210,Beta-Gamma,44,F,a,c,3,6.39177e+17
2015-01-09,12245.95,16029.216666666667,161361.24166666667,162307.45833333337,5.552272943599318e+18,6.997857704949684e+18,2.399175323724682e+19,2.40202931862262e+19,2.740607356067742e+19,1.3987340005980445e+19,2.103426138785362e+19,8.821821828325725e+19,8.82979158534329e+19,1.030008050026995e+20,1623992410006054.2,2125709006243632.5,2.1398865072601092e+16,2.1524347267521692e+16,3418.903259269924,3292.011128708387,1121.1694244460487,1115.95919205739,8612.93434612068,9895.174422308879,4122.565284838916,4102.234309639974,5.175485755625433e+16,14,90,Beta,57,E,s,i,1,2.73933e+17
2015-01-10,5486.7241379310335,7757.413793103448,123741.44827586207,125153.37931034484,5.971588550538502e+18,7.307873582080609e+18,2.442527046335408e+19,2.4476472504625963e+19,2.731746713984574e+19,-1.6821681590673037e+19,-2.04390454089444e+19,1.932373628394277e+19,1.95795324114469e+19,4.680681450760759e+19,727620017703568.0,1028746738413620.4,1.640992922583848e+16,1.6597171970047954e+16,8207.015207450386,7103.666343914461,1488.444595171985,1474.737536539199,-23118.772410582827,-19867.907858898725,1177.5636578320102,1179.6908802765347,5.175485755625433e+16,14,70,Beta,71,C,s,o,1,2.13059e+17
2015-10-30,30552.844660194176,34470.49514563107,148537.92233009712,149320.56310679612,1.6184787955763406e+20,1.7680262121403646e+20,3.227873283781572e+20,3.22818854725124e+20,3.2526424373582823e+20,3.015752142357897e+20,2.929130840900844e+20,1.052477618170989e+20,1.0530724232182848e+20,9.176560097535867e+19,4051754893025804.0,4571292752759515.0,1.9698305028368276e+16,1.9802094663400304e+16,39945.13089531137,38676.72248890808,16386.5534579396,16302.257928388844,74430.76449537568,64076.640883098975,5342.985686612508,5317.984996630943,5.927596498696272e+16,15,330,Beta,-67,E,h,c,1,1.004421e+18
2015-10-31,35886.90833333333,41109.95,172142.475,172911.34166666667,2.1673828761198e+20,2.352175796166576e+20,4.097944630418631e+20,4.0981990574115344e+20,4.132070161527335e+20,1.382657876995509e+20,1.1042650090615289e+20,-1.4478409001480036e+20,-1.449951514846028e+20,-1.6811778297206286e+20,4759129896162923.0,5451781754435416.0,2.2828614590101784e+16,2.2930577576311372e+16,45541.57846935982,43145.08360964582,17950.91250169623,17872.20162149432,29052.745084984657,20255.121330987433,-6342.219736697339,-6323.222823414238,5.927596498696272e+16,15,560,Beta-Gamma-Delta,-56,E,k,c,4,1.704472e+18
2015-11-01,39957.01666666667,45984.025,198859.19166666668,199628.175,2.3550614741277632e+20,2.5638903231750685e+20,4.352871249431495e+20,4.352945137901445e+20,4.3764387156445607e+20,-1.2036445859388723e+19,-4.495959002523474e+19,-2.651586587099452e+20,-2.6528891364269608e+20,-2.9181808498099795e+20,5298885900493802.0,6098155519296473.0,2.6371642700370804e+16,2.6473621158289908e+16,44444.46471112532,42043.70182200367,16505.878298473577,16442.57546738509,-2271.505007923845,-7372.65389230703,-10054.68873223498,-10020.877463513296,5.927596498696272e+16,15,640,Beta-Gamma-Delta,-43,E,k,c,4,1.947968e+18
2015-11-02,44384.10833333333,51900.96666666667,237345.15,238058.20833333328,2.3702303155448286e+20,2.6075596712985028e+20,4.3844341860023874e+20,4.384538911461671e+20,4.397004339130925e+20,-1.118246580919066e+19,-3.676737547411794e+19,-2.0532280427946056e+20,-2.054118957399353e+20,-2.195766540664004e+20,5885983125704399.0,6882828685291373.0,3.1475444710434748e+16,3.1570006693884364e+16,40269.06406159929,37885.000346890316,13929.697344510778,13888.305295516548,-1899.8467325460451,-5341.898971376396,-6523.269366592679,-6506.552175667641,5.927596498696272e+16,18,650,Beta-Gamma,-29,F,k,c,3,1.978405e+18
2015-11-03,45619.61666666667,54052.76666666667,260192.5,260829.51666666663,2.195530372809097e+20,2.434734891272433e+20,3.969555133507903e+20,3.969516410168629e+20,3.9734701613603455e+20,7.188911506408607e+19,4.872891059393994e+19,-7.373598818158714e+19,-7.375857688066992e+19,-7.967506447125283e+19,6049829634618168.0,7168188895634468.0,3.4505338102842184e+16,3.4589815847052636e+16,36290.78016091385,33965.830514807196,11504.17689482351,11475.968613770077,11882.832973134344,6797.938963859694,-2136.944375441826,-2132.3784204810913,5.927596498696272e+16,17,590,Beta-Delta,-16,F,k,c,2,1.795783e+18
2015-11-04,43374.83760683761,51752.29914529915,270291.7435897436,270886.4358974359,1.3519785260857555e+20,1.512840868637932e+20,2.808220527972708e+20,2.8082008635098867e+20,2.807007195205434e+20,1.8880328853262667e+20,1.7894403422764656e+20,9.874665084971326e+19,9.875351708942949e+19,9.81084326255304e+19,5752139038518811.0,6863113193531626.0,3.584464578714156e+16,3.5923510701172828e+16,23503.926400810597,22043.070338163154,7834.421198214469,7817.167110613732,32823.144097929166,26073.303642477942,2754.850792391882,2748.9940476838024,5.927596498696272e+16,17,560,Beta-Delta,-3,F,k,c,2,1.704472e+18
2015-11-05,39815.86666666667,48869.49166666667,269980.55,270677.15,8.274291134483797e+19,9.236583510044836e+19,2.0888782216486765e+20,2.0888250881798265e+20,2.08228874377246e+20,2.401856818778451e+20,2.4400278781874343e+20,1.8875609071088897e+20,1.8878128384491304e+20,1.9180036330074354e+20,5280167342221691.0,6480810680063268.0,3.5803376957219324e+16,3.5895756324504856e+16,15670.509281628742,14252.203876991922,5834.30502699405,5819.142155123931,45488.27078968755,37650.04100017336,5272.01919909481,5259.153258627351,5.927596498696272e+16,18,370,Beta-Delta,9,F,k,c,2,1.126169e+18
2015-11-06,35855.9,44512.5,260990.4416666667,261730.10833333328,6.354585024450259e+19,7.3472585214506254e+19,1.8479007261399813e+20,1.8479057967732736e+20,1.846999998744426e+20,2.254491870115084e+20,2.339986549206525e+20,2.1386824544088336e+20,2.138911458419358e+20,2.1617215681872888e+20,4755017736797560.0,5903009742028547.0,3.461115686008799e+16,3.470924749842973e+16,13363.95651119061,12446.631197538509,5339.031959000758,5323.958109022313,47412.90137927968,39640.567294784734,6179.1706733589845,6162.367704791422,5.927596498696272e+16,17,280,Beta,23,F,h,c,1,8.52236e+17
2015-11-07,31376.025,38903.925,242983.025,243836.35,8.442662252940211e+19,9.39630218284954e+19,1.681933595276178e+20,1.6819347782414916e+20,1.683120555419821e+20,1.437546456422307e+20,1.5939682717779922e+20,2.124974513589388e+20,2.1263602033659265e+20,2.20384125063573e+20,4160920668152345.0,5159230514532950.0,3.222310954726349e+16,3.2336272946041732e+16,20290.370632538812,18212.603907464985,5219.650179350907,5201.387250311964,34548.75906251413,30895.465269248383,6594.566891418613,6575.773920866206,5.927596498696272e+16,16,220,Beta,37,F,s,c,1,6.69614e+17
2015-11-08,24011.116666666665,29770.6,209267.00833333333,210310.575,7.64691221924343e+19,8.250137377471517e+19,1.3390955008457504e+20,1.339003600332266e+20,1.3436773323044268e+20,6.274297153939324e+19,7.908821939561795e+19,1.6854744331011346e+20,1.690026164120711e+20,1.939670141010141e+20,3184225905089971.0,3948017788846617.5,2.775187169619401e+16,2.789026392758496e+16,24014.98024062889,20896.910345182943,4825.24391689732,4800.971420739837,19704.309119242727,20032.386788896143,6073.372100997017,6059.556010329415,5.927596498696272e+16,12,190,Beta,52,E,s,o,1,5.78303e+17
2015-11-09,15369.372093023258,19099.23255813953,159757.32558139536,160930.04651162788,6.303889103889547e+19,6.78676988295806e+19,1.0643915020995674e+20,1.0649015609861051e+20,1.0839620527356667e+20,4.6702421086995276e+19,5.724354313439482e+19,1.339251282505736e+20,1.3443873521557823e+20,1.8907562363859347e+20,2038203947070552.5,2532838098421038.0,2.118616229749853e+16,2.1341682276736796e+16,30928.647316918075,26795.11922688192,5023.993902969587,4989.773285805525,22913.51714538637,22600.55357272154,6321.349113160823,6299.3504200988555,5.927596498696272e+16,7,120,Beta,69,C,s,o,1,3.65244e+17
2012-09-21,22736.0,28040.25,167515.0,169138.75,8.532520101619815e+19,9.310929259285982e+19,1.6143159445120195e+20,1.6175404737615256e+20,1.5495966042988164e+20,6.863926407127764e+19,6.800716484997388e+19,4.843649460093361e+19,4.993264300149834e+19,3.869769976935804e+19,3015126750794968.5,3718548024013838.0,2.221494359867255e+16,2.2430276641494656e+16,28299.042815928486,25039.15291441005,7266.8019045003675,7211.4156219062115,22764.968024372512,18288.634276280307,2180.35640674901,2226.1269354621318,1.7629460434280707e+17,12,280,Beta,-50,E,k,o,1,8.52236e+17
2012-09-22,27764.485436893203,34447.18446601942,212339.36893203887,214055.43689320388,1.0348065365455009e+20,1.1349929791115334e+20,1.982283455137221e+20,1.9830324795533548e+20,2.1174399426285004e+20,1.2749923708423823e+20,1.338999095537192e+20,1.204958288839235e+20,1.2039363874612393e+20,8.097081912601885e+19,3681977602165466.0,4568201415071431.0,2.815931173090748e+16,2.8386887488115908e+16,28104.6396354205,24845.510869265952,7039.530916380599,6985.734101294289,34627.923051257196,29311.297245335114,4279.075782653737,4241.170815099978,1.7629460434280707e+17,12,250,Beta,-37,E,k,o,1,7.60925e+17
2012-09-23,33635.091743119265,42474.88990825688,288671.88990825694,290543.6605504587,1.2124255715439416e+20,1.3564916180257373e+20,2.471263757194108e+20,2.4721646056374016e+20,2.586101534140352e+20,1.6456853030011663e+20,1.6222132997000115e+20,1.2293553515920523e+20,1.2288233336621964e+20,7.315923600621689e+19,4460506020413523.5,5632792786745979.0,3.8282122513411576e+16,3.853034672763814e+16,27181.345927912018,24082.04365723476,6455.399008579885,6416.149387682766,36894.587642515915,28799.449245090225,3211.304052332432,3189.235078387579,1.7629460434280707e+17,12,320,Beta-Gamma,-24,E,k,o,3,9.73984e+17
2012-09-24,37271.09174311927,47590.35779816514,341066.6513761468,342565.66972477065,1.0898659752946568e+20,1.2271270006244018e+20,2.128921431991573e+20,2.1290293398551583e+20,2.1861397522174303e+20,1.3148038786105116e+20,1.250888684323584e+20,7.946468574765344e+19,7.942754390535314e+19,3.664097712854621e+19,4942692898751425.0,6311178785940872.0,4.523043562492443e+16,4.542922742308014e+16,22050.044330489724,19443.705245017256,4706.833800244058,4686.474898698174,26600.962381106958,19820.20675931622,1756.8852620969249,1748.3798076874245,1.7629460434280707e+17,13,260,Beta-Gamma,-11,E,h,o,3,7.91362e+17
2012-09-25,36450.02884615384,47225.0,355336.7403846154,356608.5192307692,6.469372402703417e+19,7.410380721416731e+19,1.3965049576134792e+20,1.3965461410024989e+20,1.4193338666491224e+20,1.0770451374044063e+20,1.0485251020638192e+20,7.317834259371638e+19,7.319572357321231e+19,5.224053488050024e+19,4833807927572427.0,6262726988313353.0,4.712285852717895e+16,4.729151503756484e+16,13383.59425868289,11832.514390687911,2963.540415970351,2953.058576984026,22281.504634490226,16742.308965733835,1552.9266449638121,1547.7559455448002,1.7629460434280707e+17,13,200,Beta-Gamma,3,E,s,o,3,6.0874e+17
2012-09-26,34305.51923076924,45067.21153846153,355217.6346153846,356450.43269230775,4.759577728573907e+19,5.367595057949638e+19,1.0503091252434066e+20,1.0504283482881629e+20,1.041918871828173e+20,8.318882703338524e+19,8.551339735916895e+19,7.099484646939037e+19,7.102359083871553e+19,6.707784353005491e+19,4549414529055400.0,5976572620221281.0,4.7107063356921144e+16,4.72705504461215e+16,10461.956584031359,8981.058876100302,2229.621314505251,2222.1622942288996,18285.6115884999,14308.099774416,1507.0955693305714,1502.4913009986524,1.7629460434280707e+17,13,180,Beta-Gamma,16,E,s,o,3,5.47866e+17
2012-09-27,31207.221153846152,41243.25,348348.66346153844,350038.4903846154,4.020936114657898e+19,4.49563190831429e+19,8.998356530002716e+19,8.999526156821584e+19,8.947561799164414e+19,5.733502902141056e+19,6.441299932148471e+19,7.8338646754374e+19,7.836009888960509e+19,8.250834289641436e+19,4138534804668198.5,5469459287681412.0,4.619613713083033e+16,4.6420232941878136e+16,9715.844627239449,8219.518003250478,1947.8590827884184,1938.7076682897552,13853.943902256808,11776.849581193313,1695.783492297507,1688.0591484260372,1.7629460434280707e+17,9,170,Beta-Gamma,29,D,s,o,3,5.17429e+17
2012-09-28,27563.133928571428,36677.794642857145,333639.8214285714,335696.01785714284,3.772755015343749e+19,4.348182242230428e+19,9.522164188437224e+19,9.521313786210024e+19,9.323817953417047e+19,1.3344691105044156e+19,1.648023253724585e+19,2.6555320911726334e+19,2.688488351898584e+19,4.429108467725538e+19,3655275441756691.0,4864013009669378.0,4.424552914847564e+16,4.4518210924367384e+16,10321.39732137559,8939.495502142967,2152.1189534164005,2138.745827496509,3650.8031522327146,3388.1966401989666,600.1808865843618,603.907546164893,1.7629460434280707e+17,3,130,Alpha,46,H,a,x,0,3.95681e+17
2012-09-29,26901.803418803418,34780.60683760684,309152.88888888893,311720.62393162394,4.839854363828097e+19,5.55429243571863e+19,1.1391804690898936e+20,1.139610533691152e+20,1.1387486862338848e+20,5.732718633633947e+19,6.233938240182519e+19,1.1187706322490184e+20,1.1206621580089083e+20,1.3369717094246316e+20,3567573325680055.0,4612418107184676.0,4.099820308648987e+16,4.1338722378199224e+16,13566.236547935614,12042.04021978583,2778.6107276132975,2756.7628318676525,16068.958113260838,13515.553220277305,2728.8284559419794,2710.9259636913966,1.7629460434280707e+17,6,100,Alpha,60,H,s,x,0,3.0437e+17
2012-09-30,29548.2,36751.8,292247.2,295478.4,4.458862460387677e+19,5.164709510614087e+19,1.3512491377222704e+20,1.3524112693410208e+20,1.3840035313581603e+20,6.694051722898553e+19,5.870197430503329e+19,6.2360410705203085e+19,6.246555584040883e+19,9.36124058662953e+19,3918524290017588.5,4873827204427628.0,3.875626102062489e+16,3.918476548742506e+16,11378.932808319183,10596.825234021853,3486.531213635849,3451.370073338907,17083.09360223082,12044.328172263778,1609.0409410757347,1594.1286125715085,1.7629460434280707e+17,2,100,Alpha,73,H,s,x,0,3.0437e+17
2013-06-21,7790.878260869566,9342.37391304348,60220.40869565218,60717.70434782608,8.227851324240563e+19,8.817961968850166e+19,1.3545672099684922e+20,1.354718342124425e+20,1.379819680910572e+20,1.0097790743898123e+20,1.002754566316364e+20,6.945684438742421e+19,6.958451146004779e+19,6.400321429512389e+19,1033184617194528.9,1238935674751340.0,7986108603187317.0,8052057293542857.0,79635.82875035601,71173.68680678253,16961.542564395808,16824.499537662345,97734.62143984769,80936.77393845498,8697.20759365875,8641.830146421005,6.520609442553145e+16,3,70,Alpha,-66,H,s,x,0,2.13059e+17
2013-06-22,10254.275,12618.333333333336,84858.93333333332,85481.76666666666,7.277008628702648e+19,7.858492033573688e+19,1.2963989303064809e+20,1.296397506192692e+20,1.3067541014319666e+20,1.0024403180139536e+20,9.401931951523162e+19,4.078807324691893e+19,4.098212609081905e+19,3.158797976033013e+19,1359867120975900.5,1673375896542100.0,1.1253537998647966e+16,1.1336134825029922e+16,53512.64484930223,46961.90527073233,11519.923160718292,11435.974661577564,73716.04935153946,56185.41518944737,3624.466656781123,3615.1763121528397,6.520609442553145e+16,3,130,Beta,-56,C,a,o,1,3.95681e+17
2013-06-23,12114.883333333333,15507.725,116032.75,116749.50833333332,6.293361540578359e+19,7.148240630647664e+19,1.5255371379436192e+20,1.5254951636272405e+20,1.526484303139288e+20,1.0334769480222894e+20,9.325819957751508e+19,1.2997879691217666e+19,1.305376970189022e+19,-5.24066359511444e+18,1606611049485109.8,2056551569821952.2,1.5387642878839942e+16,1.5482695536505692e+16,39171.65603084374,34758.382602905156,9914.040441121986,9852.904231245584,64326.518129792545,45346.88113149966,844.6959546410764,843.1199639049636,6.520609442553145e+16,3,200,Beta,-42,C,s,o,1,6.0874e+17
2013-06-24,13429.433333333332,17112.525,142039.13333333333,142732.31666666668,5.6439786612060815e+19,6.229130650412193e+19,1.6013522579359367e+20,1.601254317327114e+20,1.605735203134451e+20,1.0752460295882211e+20,1.0192194007509064e+20,6.113401112676535e+18,6.10013432311938e+18,-4.643066630206836e+18,1780939641597069.8,2269371564969549.5,1.8836470380588788e+16,1.892839664780987e+16,31691.01596360001,27448.7031853498,8501.339293300669,8459.534883597173,60375.20893318916,44911.966664418054,324.55130866642986,322.27422304282715,6.520609442553145e+16,3,170,Alpha,-29,H,s,x,0,5.17429e+17
2013-06-25,13974.375,18068.58333333333,168205.41666666663,169048.5,6.196504235773656e+19,6.753600208924825e+19,1.4332679433520647e+20,1.4333618180531084e+20,1.4428583043392576e+20,1.2934989806879906e+20,1.2231112231202516e+20,3.6820544452190523e+19,3.677924221753434e+19,3.079877951990791e+19,1853206891631792.8,2396158909100169.0,2.2306502965353644e+16,2.2418308169060664e+16,33436.65655331924,28185.109857597086,6425.336797875533,6393.710922536429,69797.8723546098,51044.66229159932,1650.6641363453527,1640.5895547592254,6.520609442553145e+16,2,170,Alpha,-16,H,s,x,0,5.17429e+17
2013-06-26,13110.583333333336,17226.708333333332,170145.35833333337,171100.475,6.0316598589755965e+19,6.488500432725189e+19,1.3927163430542646e+20,1.392737285434513e+20,1.3930859757418824e+20,1.4852004674502935e+20,1.4589479139355065e+20,8.141986347515748e+19,8.14251318354266e+19,7.865523811558746e+19,1738655459485398.0,2284513948098871.5,2.256376765633485e+16,2.2690430121667216e+16,34691.51881742475,28402.104693319092,6172.3572244959505,6137.994202695085,85422.35664620284,63862.508484555976,3608.433871295364,3588.5230645175516,6.520609442553145e+16,2,150,Alpha,-3,H,s,x,0,4.56555e+17
2013-06-27,12186.5,16007.8,144414.16666666663,145311.25,4.863222130746733e+19,5.200683665081843e+19,1.1571191046407876e+20,1.157074170271468e+20,1.1467286181902488e+20,1.1257678849265988e+20,1.1337501612696129e+20,7.047299852361268e+19,7.049933951379729e+19,7.406386905956943e+19,1616108468884715.2,2122868842425039.5,1.9151434601971748e+16,1.9270400996941212e+16,30092.176511536185,24498.37484609219,6041.94478737199,6004.41148295321,69659.1786133945,53406.510030760255,3679.7764756671068,3658.4261803886507,6.520609442553145e+16,2,130,Alpha,11,H,s,x,0,3.95681e+17
2013-06-28,10689.741666666667,13786.891666666665,119134.775,119768.3,4.090561381374466e+19,4.403139945779594e+19,9.525573563353378e+19,9.52523540474606e+19,9.459264693749396e+19,8.260306473878862e+19,8.393392172528629e+19,6.667820266014635e+19,6.6699857037731684e+19,6.670236334409869e+19,1417616381872548.5,1828343854436967.5,1.5799016847837774e+16,1.588303154588481e+16,28855.206765960113,24082.668777506988,6029.219194520342,5997.114201547995,58268.98291742166,45907.07679061467,4220.402022627871,4199.441198932403,6.520609442553145e+16,2,130,Alpha,23,H,s,x,0,3.95681e+17
2013-06-29,8589.316666666668,11008.216666666667,93262.175,93911.6,2.5528621101136e+19,2.8730420875797725e+19,7.298236463780762e+19,7.298323332021657e+19,7.526764774153023e+19,7.334692870071178e+19,8.064800729669586e+19,9.34468110569529e+19,9.344698245843866e+19,9.086446993049672e+19,1139069249327750.8,1459850833489342.5,1.2367930976417214e+16,1.245405424744708e+16,22411.825370759794,19680.381184648937,5900.935635634458,5860.1987650067595,64391.983844704126,55244.005378227994,7555.573461327879,7503.338318732158,6.520609442553145e+16,2,150,Alpha,37,H,s,x,0,4.56555e+17
2013-06-30,6390.325,7879.991666666668,58443.43333333332,59073.75,3.696920081790399e+19,3.971409683709724e+19,7.428923818021652e+19,7.43100211806415e+19,7.842757518699304e+19,5.362841273286527e+19,6.094106177086975e+19,8.355196589276494e+19,8.363474918636644e+19,9.004185929477297e+19,847450732484775.6,1045002360582692.6,7750455632109239.0,7834044858144541.0,43624.01187560262,38003.8345702422,9585.144629748582,9485.524084456352,63282.04186646178,58316.67378903245,10780.26503972474,10675.806776804053,6.520609442553145e+16,2,130,Alpha,50,H,s,x,0,3.95681e+17
2013-07-01,4439.818181818182,5179.886363636364,38035.125,38427.454545454544,5.5615706492572746e+19,5.993135429048724e+19,8.788922973501009e+19,8.789499557758557e+19,9.880632894391629e+19,5.369336316194103e+19,6.470039729931902e+19,8.543422481416385e+19,8.542999620827673e+19,9.684112505442306e+19,588784947601419.8,686928832735664.9,5044014903999406.0,5096043550534734.0,94458.43804115389,87245.36143258563,17424.45877099265,17247.69317726153,91193.50516801758,94187.9190623757,16937.74234220104,16763.984718951717,6.520609442553145e+16,2,130,Alpha,63,H,s,x,0,3.95681e+17
2013-04-30,53148.93846153847,61989.15384615384,348265.43076923076,349765.9076923077,1.581123459136925e+20,1.7044351745371144e+20,3.150086442030084e+20,3.150206133491861e+20,3.172826952440896e+20,6.020562912424155e+20,5.971784884530382e+20,4.988407328440668e+20,4.986977647334336e+20,4.7460355339697567e+20,7048328031832346.0,8220670127581072.0,4.618509925622101e+16,4.6384084482721704e+16,22432.603193212646,20733.530820298754,6820.5687391822075,6791.56691055383,85418.31318340324,72643.52895628932,10800.90204151449,10751.484486434154,1.748858388839007e+17,8,130,Beta,-40,D,s,o,1,3.95681e+17
2013-05-01,51231.65833333333,60436.225,370790.7,372239.19166666665,1.857558845561977e+20,2.012588882270506e+20,3.91008646029876e+20,3.910160655011408e+20,3.93795157615408e+20,4.347754536195187e+20,4.1413765255515085e+20,1.9517944100747946e+20,1.9512971742330647e+20,1.514769115519709e+20,6794068592910860.0,8014729007501920.0,4.917228001917629e+16,4.9364371238936584e+16,27340.890368699118,25111.128278781343,7951.810367088729,7921.017845209045,63993.385947439034,51672.07177778701,3969.2981682232967,3952.8451902856646,1.748858388839007e+17,9,170,Beta,-26,D,s,i,1,5.17429e+17
2013-05-02,51229.175,61830.89166666668,402608.89166666666,403920.04166666674,2.5899537849412272e+20,2.8605200483801773e+20,5.1180878176064e+20,5.118137588805953e+20,5.137894137011356e+20,3.149027901076613e+20,2.798144886328804e+20,-3.7521447400042337e+18,-3.761706985225168e+18,-3.9240689325882294e+19,6793739266522557.0,8199682243564057.0,5.339183846640043e+16,5.356571616869218e+16,38122.655040703685,34885.74268381441,9585.899202229608,9554.875683333768,46351.909861982,34125.04049806408,-70.27562353683446,-70.2260186978288,1.748858388839007e+17,9,180,Beta,-12,D,s,i,1,5.47866e+17
2013-05-03,50637.55,61657.04166666666,413139.475,414654.125,2.2442173427380565e+20,2.4794499321035365e+20,5.194241566152116e+20,5.194060846094596e+20,5.1984386154688505e+20,3.38544395520491e+20,3.174835210304989e+20,3.060804015016809e+19,3.06780574219886e+19,6.155593575232142e+18,6715281122436567.0,8176627186138575.0,5.478834812112461e+16,5.498921290530352e+16,33419.55908949001,30323.627036668902,9480.558812740304,9445.599548841054,50414.0317207828,38828.176190876446,558.6596639581222,557.8922810700898,1.748858388839007e+17,9,160,Beta,2,D,s,i,1,4.86992e+17
2013-05-04,50949.2,62513.00833333332,419791.425,421166.575,2.3631167344677444e+20,2.587183742828141e+20,4.9918260514709615e+20,4.9917658911790753e+20,5.005412010300008e+20,3.27777586690394e+20,3.014071796298569e+20,7.417506023504837e+19,7.423903233700854e+19,5.635853651372981e+19,6756610479046579.0,8290140908625180.0,5.5670494162202664e+16,5.585285920228693e+16,34974.8848449408,31207.958602204195,8966.73565879742,8937.350679040412,48512.133074252124,36357.30477346514,1332.3945000188148,1329.189470285324,1.748858388839007e+17,8,160,Beta,15,D,s,o,1,4.86992e+17
2013-05-05,47522.30833333333,58560.9,408629.55,410175.55833333335,1.7182989779972122e+20,1.921613480653238e+20,3.8834569291700666e+20,3.8833906498817766e+20,3.8967398839197145e+20,4.54691149369496e+20,4.386745433710816e+20,3.004535611132452e+20,3.0049301196475715e+20,2.984970363169497e+20,6302154429774806.0,7766033433349274.0,5.41902659821565e+16,5.439528934082933e+16,27265.262969105184,24743.821889838295,7166.33671893914,7139.203958543681,72148.52546635285,56486.3063153069,5544.419383587766,5524.246963407654,1.748858388839007e+17,6,150,Beta,22,D,s,o,1,4.56555e+17
2013-05-06,42454.925,52908.8,372149.425,373781.7333333333,1.6238916558261813e+20,1.819397274448012e+20,3.6813760309950965e+20,3.6813487171929794e+20,3.712478992309732e+20,4.093089375574376e+20,4.075484362399671e+20,3.266059696594976e+20,3.267615771669491e+20,3.3659515488467275e+20,5630145147365152.0,7016482153081494.0,4.935246686358488e+16,4.95689348668123e+16,28842.802686643794,25930.334243763027,7459.355661330538,7426.725482571825,72699.53559705113,58084.43994416494,6617.824607679064,6592.063719846531,1.748858388839007e+17,6,90,Beta,35,D,s,o,1,2.73933e+17
2013-05-07,37124.4,45593.66666666666,324315.4,326033.325,1.1643794526131172e+20,1.3441962283845562e+20,3.038707853260552e+20,3.03896933081716e+20,3.083057958197672e+20,4.024621404182286e+20,4.0534816944419255e+20,3.598602766893738e+20,3.6005789555806706e+20,3.810506413953864e+20,4923239424138491.0,6046388284372603.0,4.30089742362232e+16,4.323679626399235e+16,23650.676968993233,22231.391124164882,7065.287901475406,7028.664455761301,81747.42395118327,67039.71865185186,8367.09740420386,8327.580363717272,1.748858388839007e+17,6,90,Beta,49,D,s,o,1,2.73933e+17
2013-05-08,31299.436781609194,38098.45977011494,251948.96551724145,253922.97701149425,1.5381944434971604e+20,1.694402035326667e+20,2.77293290578834e+20,2.773720213324962e+20,2.840456111475701e+20,2.748744569828528e+20,2.9066141867617328e+20,3.1665863278987176e+20,3.1690425106702506e+20,3.580457013731156e+20,4150763948145930.0,5052414022561554.0,3.341212463784983e+16,3.3673907487194412e+16,37058.10454926601,33536.4842976113,8299.181616984373,8237.00134705115,66222.61839429202,57529.21620797994,9477.356984091799,9410.973501888313,1.748858388839007e+17,6,90,Beta,63,D,s,o,1,2.73933e+17
2014-01-30,59146.36,70970.64,365386.24,368069.44,1.4085579500491984e+20,1.607834741979928e+20,3.272661360507679e+20,3.268720216062958e+20,3.331771432745768e+20,2.7870451461465768e+20,2.6034315346958847e+20,1.0067159711960652e+20,1.005070619410044e+20,7.255368360861856e+19,7843674008099468.0,9411746797371544.0,4.845556943157946e+16,4.881140106853113e+16,17957.884896729585,17083.276639241445,6753.942630121731,6696.632640136021,35532.39391729746,27661.512689896794,2077.606316478387,2059.0898794298623,1.7704215314181443e+17,18,980,Beta-Gamma-Delta,-55,F,k,c,4,2.982826e+18
2014-01-31,64378.94166666666,77530.09166666666,418868.06666666665,420882.6,1.6597317752225746e+20,2.0042787212398467e+20,4.403214082528853e+20,4.403718567600367e+20,4.4733107768314986e+20,4.9316358174259846e+20,4.576594185505916e+20,1.8876400864381328e+20,1.8862061715966008e+20,1.3921374492282986e+20,8537591010161659.0,1.0281626204070756e+16,5.554804331722541e+16,5.581519995619891e+16,19440.282080122128,19493.79097682332,7926.857220483623,7889.819567172014,57763.78619631961,44512.35723483049,3398.211662754963,3379.377254003936,1.7704215314181443e+17,19,1190,Beta-Gamma-Delta,-41,F,k,c,4,3.622003e+18
2014-02-01,76192.24166666668,91368.48333333334,466710.5,468408.35,5.733996417809234e+19,9.232205083142426e+19,3.833774495376973e+20,3.8339636572335846e+20,3.886558358393141e+20,9.703025191264872e+20,9.447996406952163e+20,6.614840005415583e+20,6.614657510870281e+20,6.090796896817556e+20,1.0104207690543708e+16,1.211679971313765e+16,6.189265101279448e+16,6.211781080140449e+16,5674.86001220615,7619.342814697515,6194.232162691582,6172.084314901353,96029.55014815963,77974.35486787955,10687.601673497811,10648.568301960704,1.7704215314181443e+17,18,1000,Beta-Gamma-Delta,-29,F,k,c,4,3.0437e+18
2014-02-02,84028.21666666666,101583.175,491218.6916666665,492978.2583333334,1.340212429139287e+20,1.7205015808724412e+20,4.5513572970420535e+20,4.5514276767806174e+20,4.572104226493256e+20,9.17783504456578e+20,8.796341736268578e+20,6.39053813482884e+20,6.389533281023172e+20,6.038062806749909e+20,1.1143372796149818e+16,1.3471417504098642e+16,6.514279634652849e+16,6.537614066947336e+16,12026.990873017801,12771.49624639711,6986.739213390551,6961.909391059932,82361.37489483294,65296.333764374205,9810.045765972705,9773.49414571162,1.7704215314181443e+17,18,1410,Beta-Gamma-Delta,-16,F,k,c,4,4.291617e+18
2014-02-03,87652.05,104957.45833333331,519535.75,521369.7416666666,2.175555085229756e+20,2.5756116193460804e+20,5.353909183018337e+20,5.353965291883316e+20,5.3561656151134975e+20,8.648161084985575e+20,8.335162804942328e+20,6.455857863913274e+20,6.456259748243778e+20,6.335294912964229e+20,1.1623946196209454e+16,1.391889691750007e+16,6.889805321161714e+16,6.91412673801121e+16,18716.14896100603,18504.423408063274,7770.76990343117,7743.516274368061,74399.52782821485,59883.78859579471,9370.160059652788,9337.780449915308,1.7704215314181443e+17,18,1510,Beta-Gamma-Delta,-1,F,k,c,4,4.595987e+18
2014-02-04,86117.85833333334,104168.04166666669,527858.4833333333,529483.8,2.7673861640151384e+20,3.095636141381117e+20,5.543068392222096e+20,5.54299959943352e+20,5.540720770947372e+20,5.806087246362786e+20,5.645101106778944e+20,4.072792955650055e+20,4.073629999900372e+20,4.0693388401587205e+20,1.1420489900686346e+16,1.3814208700171166e+16,7.00017696046971e+16,7.02173104104756e+16,24231.76403184617,22409.07321273321,7918.468952319396,7894.064251436452,50839.213526329135,40864.45506436426,5818.12856824804,5801.461172589478,1.7704215314181443e+17,18,1490,Beta-Gamma-Delta,12,F,k,c,4,4.535113e+18
2014-02-05,79036.9829059829,95932.45299145297,530651.8632478632,532238.700854701,2.156507176203123e+20,2.424900252639317e+20,4.764907678371732e+20,4.764814987135251e+20,4.759146384906754e+20,5.067769482514972e+20,5.032536346872703e+20,3.6241225348213087e+20,3.6242055366914736e+20,3.7482364380407785e+20,1.0481462062893812e+16,1.2722048965689244e+16,7.037221271278263e+16,7.058265063139382e+16,20574.488208448813,19060.610906145357,6771.007326171824,6750.6886529647445,48349.833755118496,39557.59296670853,5149.93403662439,5134.697413983906,1.7704215314181443e+17,18,1580,Beta-Gamma-Delta,24,F,k,c,4,4.809046e+18
2014-02-06,69722.325,85464.29166666669,523990.8083333335,525907.85,2.415877489397108e+20,2.70394883667118e+20,4.856262052956646e+20,4.856435356947592e+20,4.865743902494071e+20,6.001336770262955e+20,6.184489991979378e+20,5.621166668543865e+20,5.6213377703996726e+20,5.6924214326167726e+20,9246201936801584.0,1.1333817383968606e+16,6.948885922662355e+16,6.974308704205083e+16,26128.32280659447,23857.353132368677,6988.547670812887,6963.3214744558945,64905.96691790314,54566.69877818201,8089.306301908903,8060.064457729479,1.7704215314181443e+17,19,1500,Beta-Gamma-Delta,38,F,k,c,4,4.56555e+18
2014-02-07,56849.538461538476,69390.04273504272,468036.8717948718,470128.2393162393,9.193918167838764e+19,1.0443878612490143e+20,2.3898815803039213e+20,2.3905963016009787e+20,2.4215565186506765e+20,6.086772919501687e+20,6.604105783020379e+20,8.215043821610338e+20,8.218668128220628e+20,8.323499985480156e+20,7539081816754579.0,9202136439533488.0,6.20685473481313e+16,6.234589332629012e+16,12195.010468524877,11349.406391783088,3850.390709000335,3834.408609865741,80736.26294882045,71767.09263566603,13235.437548640597,13182.372871309819,1.7704215314181443e+17,22,1570,Beta-Gamma-Delta,51,F,k,c,4,4.778609e+18
2014-02-08,48593.74285714285,58834.142857142855,405358.8285714285,407987.2285714285,3.04641204317065e+19,3.692835153230101e+19,1.4582798991265994e+20,1.4595986345122333e+20,1.5050075213183703e+20,4.1668600704610415e+20,4.9708595858850034e+20,8.301481219223812e+20,8.308078526508225e+20,8.616278377616443e+20,6444242347370837.0,7802269440036249.0,5.375652039481993e+16,5.4105084748786744e+16,4727.339350317178,4733.026950185591,2712.7497993101533,2697.710651945635,64660.20124399983,63710.43225420717,15442.742867754061,15355.448688571782,1.7704215314181443e+17,22,1260,Beta-Gamma-Delta,64,F,k,c,4,3.835062e+18
2016-05-15,21068.94949494949,23636.424242424244,104246.65656565657,104904.27272727274,2.9192880579420904e+20,3.038899216898595e+20,3.7408013358334345e+20,3.7410969886113726e+20,3.764943188391924e+20,5.7820829371439055e+20,5.962406403002297e+20,6.25431473082667e+20,6.256647682858336e+20,6.386500181307341e+20,2794051426520512.0,3134536199264252.5,1.3824634187721986e+16,1.3911843726807314e+16,104482.25935402836,96948.92716861572,27058.953495896018,26891.453513113407,206942.6096549858,190216.54318115104,45240.36329569782,44973.533384379094,4.39718361858547e+16,6,250,Alpha,-71,H,h,x,0,7.60925e+17
2016-05-16,23633.516666666666,27114.975,130381.05833333332,131097.09166666667,3.071223566947087e+20,3.212674126377401e+20,4.0590994406515776e+20,4.0593460207424143e+20,4.0812357884274246e+20,5.015392103018284e+20,5.087850534264835e+20,5.3253836746026136e+20,5.3257032062881294e+20,5.245389538551454e+20,3134150612114066.0,3595843000951654.0,1.729043880971994e+16,1.7385395321762266e+16,97992.21374608629,89344.11556697982,23475.97701435852,23349.17294437996,160023.9657798472,141492.56608028535,30799.586599322814,30633.20164840687,4.39718361858547e+16,5,410,Alpha,-57,H,h,x,0,1.247917e+18
2016-05-17,24726.470085470093,28870.615384615387,155321.95726495725,155909.1965811966,2.334557378022348e+20,2.563419237597836e+20,4.01510315638771e+20,4.0152204269740864e+20,4.029379519711404e+20,6.139368107540262e+20,6.016368389546642e+20,5.0538599394671126e+20,5.053804263617951e+20,4.9341095575320815e+20,3279092250502834.0,3828666641364647.5,2.059796746725042e+16,2.067584400540629e+16,71195.23330471579,66953.3150236386,19492.71530199032,19419.862260153408,187227.6727377468,157140.0425554478,24535.721534187578,24443.037306223097,4.39718361858547e+16,6,540,Alpha,-43,H,h,x,0,1.643598e+18
2016-05-18,24804.589743589746,29023.068376068375,165159.1623931624,165648.90598290597,1.2362508083352956e+20,1.548007268574448e+20,4.009127270644696e+20,4.009182434337413e+20,4.019451664016053e+20,9.197035784518752e+20,8.852891069104416e+20,5.781953058327485e+20,5.781742563531375e+20,5.661346176202597e+20,3289452061857493.0,3848884141926251.5,2.1902525011898064e+16,2.1967472188114908e+16,37582.27160900492,40219.6379909663,18304.40676801796,18250.540617534076,279591.7256603933,230011.88767074212,26398.56845357586,26319.562460443125,4.39718361858547e+16,5,540,Beta,-33,C,h,o,1,1.643598e+18
2016-05-19,25317.9,30043.29166666667,176151.14166666663,176708.13333333333,4.93207340582396e+19,7.3236447846031426e+19,3.079690176376216e+20,3.0797433946251565e+20,3.0829600774109875e+20,9.241966798754529e+20,8.930941603942323e+20,5.963414243845951e+20,5.963199623671472e+20,5.918338092691746e+20,3357524523396901.0,3984180699599852.5,2.3360222529127412e+16,2.343408778573089e+16,14689.61245541118,18381.8088003355,13183.479620265643,13142.151820820714,275261.3341868959,224160.05390617182,25528.071217687608,25446.68978880624,4.39718361858547e+16,6,480,Beta,-19,C,h,o,1,1.460976e+18
2016-05-20,27446.25833333333,32896.316666666666,191838.61666666667,192417.36666666667,7.518401563188101e+19,1.0466580293753456e+20,2.8012571301288136e+20,2.801219174384983e+20,2.7982793676782653e+20,9.544806251279758e+20,9.184791273086579e+20,7.38777924756581e+20,7.38768287884091e+20,7.387443078650866e+20,3639776025249061.5,4362533619998638.0,2.5440611582827596e+16,2.5517362313256104e+16,20656.220358156883,23991.97623549025,11010.966151535686,10977.698791891857,262236.08774461964,210538.00550629216,29039.31465449737,28951.592990483416,4.39718361858547e+16,7,440,Beta,-7,C,h,o,1,1.339228e+18
2016-05-21,27032.55833333333,32369.93333333333,184012.33333333328,184576.75833333333,7.663327858161756e+19,1.0100223895343618e+20,2.833468218031745e+20,2.8334234892069883e+20,2.827159323130174e+20,1.0404085865423184e+21,1.018203946471662e+21,8.464098217757531e+20,8.464271218267482e+20,8.484774012240682e+20,3584913343299559.5,4292727476899326.0,2.4402731734233544e+16,2.447758275975772e+16,21376.60558095504,23528.68648125573,11611.274708465504,11575.585371384252,290218.6153221558,237192.7759101818,34685.04391204535,34579.68583475953,4.39718361858547e+16,7,520,Beta,7,C,h,o,1,1.582724e+18
2016-05-22,27017.425,32432.20833333333,180139.91666666663,180698.23333333328,1.3352649511642276e+20,1.6263383660145233e+20,3.716533089569144e+20,3.716525144108095e+20,3.710146483645163e+20,1.0190765953448184e+21,1.003537304443224e+21,8.599591764024163e+20,8.599770227602754e+20,8.584239758280365e+20,3582906441550702.0,4300986054415413.0,2.3889192541680284e+16,2.396323351269899e+16,37267.647730882905,37813.151343397556,15557.382624317599,15509.28067424028,284427.3530356981,233327.2630384346,35997.83353506053,35887.353111362965,4.39718361858547e+16,7,550,Beta,21,C,h,o,1,1.674035e+18
2016-05-23,27809.68333333333,32314.141666666666,180976.85833333328,181564.61666666667,1.5660853949844003e+20,1.7565092853697177e+20,3.14361300051922e+20,3.14357776929712e+20,3.1439593509390687e+20,8.413268768840205e+20,8.557639028111547e+20,8.874616846900514e+20,8.874699702478762e+20,8.869830615135318e+20,3687971505518575.0,4285328684383576.0,2.400018327039341e+16,2.4078128637821108e+16,42464.682621353095,40988.90457972848,13098.287480150939,13055.73957420966,228127.2714892409,199696.21138506723,36977.28782699851,36857.929600636344,4.39718361858547e+16,6,480,Beta,35,C,h,o,1,1.460976e+18
2016-05-24,25805.79661016949,29459.593220338986,172643.2627118644,173293.43220338982,1.862939553703249e+20,1.906896389913552e+20,2.650304178466368e+20,2.6503893943279288e+20,2.660346267287888e+20,7.535172655817619e+20,7.887845412495638e+20,9.569810881066462e+20,9.569653254582003e+20,9.553979249441112e+20,3422226763058416.5,3906773732678667.0,2.2895026378741464e+16,2.298124838025664e+16,54436.47317042062,48810.003352973676,11575.894845560142,11532.834728877906,220183.3244119538,201901.77246552135,41798.645359728616,41641.13757546506,4.39718361858547e+16,6,460,Alpha,49,H,h,x,0,1.400102e+18
2016-05-25,24125.741666666665,26777.575,140639.775,141506.975,2.594369164340385e+20,2.649612563838166e+20,3.25829619820725e+20,3.258353832607726e+20,3.2765309233071325e+20,8.123143308741583e+20,8.649369386021721e+20,1.0336718605465011e+21,1.0338335589218854e+21,1.0415401945562426e+21,3199426859691038.5,3551098817026679.5,1.865089496077962e+16,1.876589838786835e+16,81088.55986134084,74613.8786995704,17469.9187629281,17363.16463652049,253893.70237161842,243568.81719399188,55422.105090408644,55091.077312356705,4.39718361858547e+16,4,450,Alpha,63,H,h,x,0,1.369665e+18
2016-05-26,21935.304347826088,24315.34782608696,116680.26086956526,118073.95652173914,2.4672394424095408e+20,2.511092396540656e+20,2.979397618274818e+20,2.9793695162136094e+20,3.007239046827678e+20,6.643199149682852e+20,7.084812063568079e+20,8.545397804008338e+20,8.548654148144444e+20,8.825121177987247e+20,2908942774716732.0,3224571414730783.0,1.5473512308126392e+16,1.56583367734385e+16,84815.67474801207,77873.67912117727,19254.824366605477,19027.36899405283,228371.59972422474,219713.29371719263,55225.97348192536,54594.9053966298,4.39718361858547e+16,4,330,Alpha,75,H,h,x,0,1.004421e+18
2016-01-02,2856.287234042553,3219.585106382979,28801.180851063837,29237.361702127666,3.2013592897666277e+19,3.4527291829117747e+19,5.216758580401994e+19,5.215569928772112e+19,5.344240387165088e+19,2.134107094712479e+19,2.356071428556255e+19,1.676010320339048e+19,1.6775985657440772e+19,1.8966839185474425e+19,378785540434371.5,426964161713423.0,3819458604790921.0,3877302577003582.0,84516.40699102389,80866.9554150832,13658.371827510779,13451.542213150558,56340.775106283,55181.948271753135,4388.08347925738,4326.715628782684,1.3007906084270624e+16,2,20,Alpha,-75,H,s,x,0,6.0874e+16
2016-01-03,3129.458333333333,3675.775,36093.525,36558.833333333336,3.0288203586234163e+19,3.25839803271349e+19,5.5348721554232025e+19,5.536262333799842e+19,5.653032370699429e+19,2.022644937643136e+19,2.1029209277999346e+19,1.013142018551468e+19,1.0112920793620425e+19,3.898738356425272e+18,415012030978693.3,487461626161302.6,4786530293718639.0,4848236996885474.0,72981.50734282967,66844.19568311363,11563.43283293665,11419.124802183469,48737.01933106075,43140.2353526813,2116.6522645453924,2085.8965434480624,1.3007906084270624e+16,3,70,Alpha,-61,H,s,x,0,2.13059e+17
2016-01-04,3309.462962962963,4037.731481481481,40997.5,41437.97222222222,2.120865020429045e+19,2.3695875931366662e+19,5.232572825754921e+19,5.23305080190408e+19,5.319999622760941e+19,3.1327308110756102e+19,3.0951207355590087e+19,1.0653842177782825e+19,1.0574838407435854e+19,3.7076670367138447e+18,438883282476900.44,535462359357046.6,5436869236704642.0,5495282307614402.0,48324.12409193717,44253.1123192662,9624.238873411738,9522.806125270457,71379.58851828662,57802.7695406164,1959.5546101896427,1924.3485257860348,1.3007906084270624e+16,2,70,Alpha,-47,H,s,x,0,2.13059e+17
2016-01-05,3604.483333333333,4430.5,48774.53333333333,49093.05833333333,2.392575681235109e+19,2.5745371834856505e+19,6.095440594938417e+19,6.095466626398217e+19,6.126532328637769e+19,3.387693241973161e+19,3.208214708076887e+19,-3.6717649135214505e+18,-3.743155286627336e+18,-8.709784139594033e+18,478007306523924.6,587549220152934.0,6468217813638029.0,6510458895987473.0,50053.11945195882,43818.23845865238,9423.678624560813,9362.576008512973,70871.16024666047,54603.33531277288,-567.6625338404116,-574.9449226896,1.3007906084270624e+16,2,70,Alpha,-33,H,s,x,0,2.13059e+17
2016-01-06,3694.7176470588233,4686.35294117647,52028.776470588244,52349.882352941175,3.097975244060077e+19,3.313274144951881e+19,6.6242859431126295e+19,6.624169192818594e+19,6.616362203622814e+19,4.005911386555285e+19,3.7878013303648575e+19,5.707693207675423e+18,5.70393328145041e+18,2.788183654805578e+18,489973698728065.7,621479069168185.1,6899778138089481.0,6942361483256615.0,63227.37836953665,53312.72297531295,9600.72311099972,9541.665626018714,81757.68203383824,60948.17216345865,827.2285127787976,821.6128323491927,1.3007906084270624e+16,2,70,Alpha,-19,H,s,x,0,2.13059e+17
2016-01-07,3932.8416666666662,4847.191666666667,55097.025,55347.31666666666,3.965108670309139e+19,4.25797758511667e+19,6.822440394287223e+19,6.822504648990616e+19,6.804716873929611e+19,1.0495096379199904e+19,7.610123458221634e+18,-1.6619118015758029e+19,-1.662756914956556e+19,-1.792645672822162e+19,521552432961283.2,642808640939352.4,7306672852160414.0,7339865194686262.0,76025.12076870102,66240.20453263324,9337.273657010639,9295.136174884803,20122.802073054456,11838.863035662946,-2274.512401474789,-2265.378001983359,1.3007906084270624e+16,2,70,Alpha,-5,H,s,x,0,2.13059e+17
2016-01-08,3513.516666666667,4376.516666666666,49435.675,49672.975,2.495986136058988e+19,2.7154733321017164e+19,4.510814472733048e+19,4.510784998064411e+19,4.510485076217281e+19,1.2106246019307698e+19,1.0028359409013133e+19,-4.0806027566918886e+18,-4.082902874239328e+18,-4.896071893403624e+18,465943793588610.0,580390239134706.8,6555894886352308.0,6587364343511159.0,53568.39538166997,46787.02619379275,6880.547279858631,6847.632471563123,25982.20254436207,17278.64931699098,-622.4326087330438,-619.8082664519939,1.3007906084270624e+16,2,60,Alpha,9,H,a,x,0,1.82622e+17
2016-01-09,3053.791666666666,3950.983333333333,43867.675,44136.825,1.6454813569152537e+19,1.7787927916855706e+19,3.159554809562494e+19,3.1595830264507765e+19,3.134639595303002e+19,6.874428719444221e+18,6.461907379729096e+18,-2.590365576345998e+18,-2.553865206511343e+18,-7.022218035396381e+17,404977522234404.3,523958283791274.06,5817496498402520.0,5853189732259682.0,40631.424377248164,33949.13004933379,5431.124557496692,5398.053319605938,16974.840187464146,12332.86614531947,-445.2715316729989,-436.3202498691936,1.3007906084270624e+16,2,50,Alpha,21,H,a,x,0,1.52185e+17
2016-01-10,2882.8416666666667,3706.941666666666,41222.1,41594.975,6.078866311865653e+18,6.444354812103808e+18,1.2162964765510535e+19,1.215999714230747e+19,1.1809257928790323e+19,9.43964996731268e+18,1.136709942515872e+19,1.3809285821846071e+19,1.386362025166835e+19,1.768758709221461e+19,382307047302648.6,491594782846725.5,5466654487770288.0,5516103176510730.0,15900.481967975324,13109.07893445463,2224.937535876994,2204.4542593199653,24691.278996591187,23122.904924527793,2526.094497601683,2513.2996624689554,1.3007906084270624e+16,2,40,Alpha,33,H,a,x,0,1.21748e+17
2016-01-11,2115.6666666666665,2760.525,31679.13333333333,32092.7,5.0999888926871885e+17,5.584404567315245e+17,1.2709299812267146e+18,1.2692671116282396e+18,1.129350442268728e+18,9.095342351330544e+18,1.1598956033731197e+19,2.896517885232565e+19,2.9085517485657453e+19,3.307123852216131e+19,280568400881064.75,366086064995526.06,4201117274601245.5,4255962274597013.5,1817.7345975782625,1525.4348912143082,302.52190028362077,298.23269797390844,32417.55779613305,31683.686277086093,6894.637059393901,6834.063746115205,1.3007906084270624e+16,1,10,Alpha,45,H,s,x,0,3.0437e+16
2016-01-12,1146.2289156626507,1524.433734939759,16438.385542168682,16806.0843373494,-6.939353575344881e+16,-9.431705351844976e+16,1.607948544609828e+17,1.680204324279127e+17,3.881081194957829e+17,6.465163513875873e+18,8.445656186486288e+18,2.8767472103381512e+19,2.915514884165582e+19,4.23787743563446e+19,152006749918594.66,202162250793066.25,2179970794690097.2,2228733042824529.8,-456.516146754086,-466.5413703520392,73.76009570983324,75.3883166801243,42532.08174859479,41776.62324867604,13196.264910269621,13081.489923399153,1.3007906084270624e+16,0,0,Alpha,59,A,x,x,0,0.0
2016-11-18,2771.041666666666,3569.925,36522.89166666667,36835.8,2.469941070790244e+18,2.737638997957151e+18,7.964271530677373e+18,7.972201739641213e+18,8.452967056075869e+18,-2.123253451988312e+18,-3.4834858379004826e+18,-1.637880787079496e+19,-1.6397876233210307e+19,-2.0522831123294904e+19,367480729096329.1,473424365140382.2,4843470605231937.0,4884966835280318.0,6721.280533169915,5782.632241890155,1644.3315506187514,1631.9868708348636,-5777.863392209978,-7358.062014547016,-3381.626359640235,-3356.804004232167,9929124300031708.0,1,10,Alpha,-54,H,r,x,0,3.0437e+16
2016-11-19,3994.175,4980.733333333334,47283.54166666666,47530.11666666667,1.2244344185159336e+17,1.305797131392237e+17,1.252825646197051e+18,1.2528961180912192e+18,1.383813687484152e+18,-3.664506024999954e+17,-5.034260047939121e+17,-1.162201831892526e+18,-1.2002609163214036e+18,-4.956800730096368e+18,529686131679121.0,660518222726492.2,6270490471124875.0,6303189929190379.0,231.16225728516613,197.69282458281884,199.797073604723,198.77175401125015,-691.8259334793908,-762.1682301449101,-185.34464524655223,-190.42118828800272,9929124300031708.0,3,20,Beta,-39,C,a,o,1,6.0874e+16
2016-11-20,3838.058333333333,5113.791666666667,52414.06666666666,52668.1,-7.34460132100533e+17,-8.516080132360506e+17,-1.026792210849614e+18,-1.0285913060671212e+18,-9.804273959437327e+17,4.43094350416278e+18,5.022175399203548e+18,5.122519852450863e+18,5.112519603316443e+18,3.338806533566156e+18,508982774100320.44,678163707431344.8,6950873263749891.0,6984561806102414.0,-1442.9960491271381,-1255.7558063106242,-147.7213253483599,-147.2664047683622,8705.48814150917,7405.550229495255,736.9606174760467,731.974280598338,9929124300031708.0,1,10,Alpha,-29,A,x,x,0,3.0437e+16
2016-11-21,3815.891666666667,5058.333333333333,51442.46666666667,51642.3,-4.246320294102838e+17,-5.028629757860096e+17,-6.18343691994747e+17,-6.185248974702966e+17,-6.961146437501572e+17,5.134693013662236e+18,5.802132285441287e+18,6.487192512923474e+18,6.482145705584137e+18,6.190094235893087e+18,506043149291971.56,670809119799930.4,6822024866887102.0,6848525695046579.0,-839.1221776332832,-749.6364628077642,-90.63931956567288,-90.31504370607313,10146.749384605686,8649.453494567546,950.918919163012,946.5023560140195,9929124300031708.0,1,10,Alpha,-17,A,x,x,0,3.0437e+16
2013-03-24,5856.919642857143,7125.633928571428,60054.25892857143,60710.11607142857,2.552603713646945e+19,2.7115848401552605e+19,4.145682902107858e+19,4.15275766269872e+19,4.456272061257202e+19,6.298773133575763e+18,6.869402743253976e+18,6.111706701557119e+18,6.233436169092964e+18,3.666047524419912e+18,776713366134548.1,944963470901124.1,7964074709478506.0,8051050976901471.0,32864.16617690552,28695.128686503333,5205.479673833095,5158.031758354299,8109.520716661186,7269.490255219351,767.4095139116693,774.2388151530455,3.080107930768998e+16,3,60,Alpha,-74,H,s,x,0,1.82622e+17
2013-03-25,7530.760683760684,9468.658119658121,83725.89743589744,84378.2735042735,4.145312768367736e+19,4.4744274543942975e+19,6.7358412927089164e+19,6.736837019948436e+19,6.895461015294187e+19,-2.476445956521689e+19,-3.03878753990704e+19,-8.363742407257825e+19,-8.364009263568632e+19,-9.146856133289866e+19,998689214964894.8,1255682810991959.2,1.1103280836263646e+16,1.1189795462202206e+16,41507.535139582425,35633.421236845694,6066.532398882912,6020.518464975225,-24796.963053303218,-24200.279826292048,-7532.6766300836,-7474.6757363182,3.080107930768998e+16,3,80,Alpha,-60,H,a,x,0,2.43496e+17
2013-03-26,9181.316666666668,11755.733333333335,101449.68333333332,102018.88333333332,2.774122409330001e+19,3.168842225432725e+19,6.408715644970258e+19,6.409724619886866e+19,6.533478456833689e+19,-2.749147268931163e+19,-3.512867945075828e+19,-9.188178615591114e+19,-9.19946188866682e+19,-1.0541235645983588e+20,1217577123908619.0,1558982496857206.5,1.345371455304415e+16,1.352919881353643e+16,22783.956390578533,20326.34896043334,4763.52877839241,4737.697115865956,-22578.83476084009,-22533.08136658051,-6829.473436027464,-6799.709292070157,3.080107930768998e+16,3,70,Beta,-45,C,a,o,1,2.13059e+17
2013-03-27,10555.083333333334,13344.491666666667,115485.775,116064.34166666665,1.2955853892100297e+19,1.5695060239028111e+19,5.6785156753576346e+19,5.678525179782374e+19,5.724873900631613e+19,1.7500116154687398e+19,1.4650377280998865e+19,-2.667597185750816e+19,-2.6674932601894785e+19,-3.1224262623519138e+19,1399758713722882.8,1769675131946129.8,1.5315105979010768e+16,1.539183239675289e+16,9255.776559977345,8868.89347976998,3707.787385304415,3689.310689856741,12502.237695054624,8278.568770352611,-1741.80785259125,-1733.0576317555415,3.080107930768998e+16,2,70,Alpha,-31,H,a,x,0,2.13059e+17
2013-03-28,10557.044247787613,13535.681415929204,122505.34513274336,123056.82300884955,2.1413407010759143e+19,2.393831679401993e+19,6.9464145117808255e+19,6.946532700948518e+19,6.970076330391795e+19,1.3366673095748495e+19,1.0227144741748e+19,-4.004051693553793e+19,-4.006749941233733e+19,-4.2642072963436356e+19,1400018759712815.8,1795029694203310.2,1.6246003836431418e+16,1.6319137883612952e+16,15295.08577095899,13335.889022518091,4275.768109941963,4256.678723159731,9547.495705336396,5697.479420409881,-2464.637909646905,-2455.2460857979245,3.080107930768998e+16,2,80,Alpha,-18,H,a,x,0,2.43496e+17
2013-03-29,10257.666666666666,13066.833333333336,116943.2,117535.84166666665,2.38204419075702e+19,2.624857124436621e+19,7.012259735818748e+19,7.013215730844919e+19,7.045231115333703e+19,1.5360895859683725e+19,1.410689576552127e+19,-2.912337152599732e+19,-2.9100266934984827e+19,-2.9175797960484315e+19,1360316905674020.2,1732853568416288.2,1.5508381889671278e+16,1.558697485865449e+16,17510.950432368158,15147.599152509834,4521.593410392464,4499.407867429074,11292.145084437212,8140.846995175724,-1877.911682416961,-1866.960535887901,3.080107930768998e+16,4,90,Alpha,-6,H,a,x,0,2.73933e+17
2013-03-30,10109.716666666667,13093.441666666668,116000.28333333335,116546.59166666665,1.856502371579286e+19,2.086554816331604e+19,6.227864053525805e+19,6.227541004882595e+19,6.1882495651729015e+19,1.541223607839764e+19,1.5793208639787594e+19,-2.154547897317334e+19,-2.147665326267309e+19,-1.80447612838881e+19,1340696567761453.8,1736382223308415.2,1.538333732310561e+16,1.5455785813166106e+16,13847.29711570059,12016.679209926415,4048.4479555496832,4029.2619735824924,11495.692947235093,9095.467822571927,-1400.5724844122255,-1389.5542758090028,3.080107930768998e+16,3,90,Beta,8,C,a,o,1,2.73933e+17
2013-03-31,9241.758333333333,11640.55,105679.475,106206.25,1.2732564783915598e+19,1.4636814277441386e+19,4.646074756142896e+19,4.645399642927695e+19,4.555023409465882e+19,2.8179098282093244e+19,3.04554217586338e+19,1.1324339497733796e+19,1.137464465191189e+19,1.9547213482104537e+19,1225592574560857.5,1543707499074875.5,1.4014646907216228e+16,1.4084504991054634e+16,10388.904965810361,9481.598221303611,3315.1564837146225,3298.234226817404,22992.223408492915,19728.751578187806,808.0360192237754,807.5998879006517,3.080107930768998e+16,2,70,Alpha,21,H,a,x,0,2.13059e+17
2013-04-01,8341.966666666667,10554.65,95260.625,95852.45833333331,1.3943056297177448e+19,1.583672144038081e+19,3.805867284596055e+19,3.805500903418405e+19,3.759362419104767e+19,1.2143680785533415e+19,1.2628617942025181e+19,-3.5879898592363226e+17,-1.8877417469833168e+17,1.1158912218593153e+19,1106267014906166.6,1399701247373245.8,1.2632954729721498e+16,1.2711440501860196e+16,12603.69884422532,11314.358310461499,3012.650140858977,2993.760544181839,10977.169726572241,9022.3667127001,-28.40182630271661,-14.850730306349341,3.080107930768998e+16,2,70,Alpha,34,H,a,x,0,2.13059e+17
2013-04-02,5516.4333333333325,6975.858333333334,72466.85833333334,73102.83333333331,1.2728391679792878e+19,1.4121737531187405e+19,3.0693370279372366e+19,3.0702738097212973e+19,3.0983095953219973e+19,4.094290427535149e+17,3.010088311406543e+17,-1.4094023875015625e+19,-1.3939044847532022e+19,2.613211760863434e+18,731559892342997.4,925101032309524.1,9610167272471088.0,9694506876417990.0,17398.97418245159,15265.075962494975,3193.843500237025,3167.0242219228057,559.6657868192027,325.3794133049259,-1466.5742515625943,-1437.829177411687,3.080107930768998e+16,4,80,Beta,47,D,a,o,1,2.43496e+17
2013-04-03,3169.753246753247,3922.714285714286,40644.90909090909,41374.792207792205,1.1726640763253318e+19,1.3352805127643791e+19,2.1796070695176008e+19,2.1827709912070865e+19,2.2128094734085005e+19,-7.455121661104131e+18,-7.869562207236767e+18,-1.4840432927356445e+19,-1.4800812241788035e+19,-4.169362247108375e+18,420355726939871.56,520209393850401.2,5390110515641696.0,5486903711923711.0,27896.94540055765,25668.135342215126,4043.7149909868167,3978.147067650666,-17735.26844840757,-15127.681853242062,-2753.270621129311,-2697.479857287101,3.080107930768998e+16,3,80,Beta,61,C,a,o,1,2.43496e+17
2014-08-12,10921.116666666667,12957.408333333333,83528.525,84170.79166666669,2.41460200565624e+19,2.737474404554112e+19,7.043418175844281e+19,7.04507386542075e+19,7.246985684316452e+19,2.216566163491826e+19,2.094822014517072e+19,2.399958247407176e+19,2.391440111908138e+19,1.07259567592081e+19,1448300097212326.0,1718342210010863.0,1.1077106359163718e+16,1.116228033030247e+16,16671.97295853147,15930.903568601778,6358.536198415661,6311.500568835692,15304.605501016338,12190.947776949673,2166.593124224876,2142.4297196837524,3.8364888656667016e+16,10,100,Beta,-68,D,s,o,1,3.0437e+17
2014-08-13,15405.452991452994,17983.74358974359,101669.22222222225,102259.67521367523,1.7515677831939617e+19,2.027553598210956e+19,5.9108517388205244e+19,5.91240005129953e+19,6.130177925895737e+19,4.256163431903055e+19,4.969179119144186e+19,4.811654802384545e+19,4.804430341386366e+19,3.61395943994933e+19,2042988802896037.0,2384907915942709.0,1.3482828626615966e+16,1.356113134519517e+16,8573.555472800577,8501.60119246995,4383.984920754778,4359.813278701372,20833.023782948465,20835.93704363199,3568.7279988755704,3542.794637918332,3.8364888656667016e+16,9,120,Beta,-55,D,s,o,1,3.65244e+17
2014-08-14,16653.4,19813.941666666666,115847.10833333337,116409.11666666668,1.880430361044389e+19,2.124118410320481e+19,4.919480359498944e+19,4.920579206352046e+19,5.101697065714923e+19,-1.202772646084656e+19,-1.2882292857308445e+19,-3.045561547206409e+19,-3.0517130151748428e+19,-4.10120664331462e+19,2208484862407148.8,2627618998850181.0,1.5363024073631078e+16,1.5437554613743806e+16,8514.572108023438,8083.814324869676,3202.1562525197655,3187.4084526129113,-5446.143944920175,-4902.648695623529,-1982.397171683,-1976.8111540528264,3.8364888656667016e+16,9,120,Beta,-42,D,s,i,1,3.65244e+17
2014-08-15,20036.75833333333,24097.975,131738.675,132219.9,2.387141450074611e+19,2.7224187084694643e+19,5.5220551380455555e+19,5.522220132440298e+19,5.641014523875704e+19,1.902532801491142e+19,2.5744490324761235e+19,2.8925716203372433e+19,2.890389977491843e+19,2.2856213755062395e+19,2657167753784629.5,3195744592825843.5,1.7470478672888122e+16,1.7534296159282004e+16,8983.78149695134,8518.887005491762,3160.792123352096,3149.382263351951,7160.002595926983,8055.866035901392,1655.6911086964851,1648.4208725776416,3.8364888656667016e+16,10,120,Beta,-28,D,a,c,1,3.65244e+17
2014-08-16,20446.1,25183.6,146626.95,147112.54166666663,2.4017226663937032e+19,2.712815891426694e+19,5.160309448833129e+19,5.160579537163065e+19,5.205298686828554e+19,1.302471115988197e+19,1.1955391787593261e+19,-5.434461572818041e+18,-5.452253109962706e+18,-7.892571782850589e+18,2711452456871437.5,3339714375497896.5,1.9444882095904132e+16,1.9509278666282812e+16,8857.697874462787,8122.89790806514,2653.813699348733,2645.192385345292,4803.59193718274,3579.7647473403795,-279.4803046896723,-279.4697437679046,3.8364888656667016e+16,11,140,Beta-Gamma,-14,E,a,c,3,4.26118e+17
2014-08-17,19578.5,24333.58333333333,157421.175,157913.69166666668,2.603476429632387e+19,2.9296810452010283e+19,4.7526650557606494e+19,4.752643970235959e+19,4.758090735065913e+19,2.918784287073686e+18,1.893931299801597e+18,-8.24014381853284e+18,-8.242716087814877e+18,-9.449517819740996e+18,2596395983921503.0,3226989710196689.0,2.087635449877182e+16,2.094166942562259e+16,10027.270284481761,9078.681087651998,2276.5780567868082,2269.4675737842535,1124.167617400663,586.9034208002354,-394.7118170951551,-393.60358146661093,3.8364888656667016e+16,10,130,Beta-Gamma,0,D,a,c,3,3.95681e+17
2014-08-18,17155.783333333333,21928.233333333334,159332.30833333332,159879.61666666667,2.0781970822835724e+19,2.284694521079304e+19,3.5423011151696155e+19,3.5422106353118855e+19,3.508098231064094e+19,3.8301840145503776e+17,-3.1695071597839386e+17,-8.144189189458062e+18,-8.136136701857632e+18,-8.171358410901547e+18,2275108253834263.5,2908005054583359.5,2.112979878262427e+16,2.120237988733778e+16,9134.497572944783,7856.569979059547,1676.4481061138008,1670.6665261796013,168.35172603744587,-108.99249142598363,-385.43619242390974,-383.7369552423025,3.8364888656667016e+16,10,100,Beta-Gamma,14,C,a,i,3,3.0437e+17
2014-08-19,14647.033333333333,18682.966666666667,153083.33333333337,153691.31666666668,7.386882832006931e+18,8.088853435145987e+18,1.6277208542377955e+19,1.6269626194541734e+19,1.552966439379625e+19,1.0135862588286474e+19,1.225066049131884e+19,1.565990608241722e+19,1.5670039918490675e+19,1.6089928303080204e+19,1942411243099882.8,2477635141664205.5,2.0301093131342212e+16,2.038172063012699e+16,3802.944849216507,3264.7476212792076,801.7897576780282,798.2459621437939,5218.185708249253,4944.497389995115,771.3824069030247,768.8281182368969,3.8364888656667016e+16,10,60,Beta,24,C,s,o,1,1.82622e+17
2014-08-20,11608.451327433628,15327.185840707964,143548.33628318587,144284.30088495574,3.000882588510042e+18,3.594033749703441e+18,8.046173044721851e+18,8.040469390642803e+18,7.42937105094534e+18,1.65572385178258e+19,2.1236605957621383e+19,3.974475018947808e+19,3.982113955723264e+19,4.411948450831982e+19,1539450744750461.5,2032609431858042.5,1.9036612806102468e+16,1.9134212496392516e+16,1949.3203005962184,1768.187086693814,422.6683142991978,420.2142832979784,10755.289556542231,10447.952087976215,2087.805776915172,2081.1486004318363,3.8364888656667016e+16,5,50,Beta,39,C,a,o,1,1.52185e+17
2014-08-21,7715.916666666668,10256.475,114463.98333333337,115445.925,-9.7035963609893e+17,-1.08655566831491e+18,9.233787663290652e+17,9.237728154504692e+17,5.075840318415194e+17,2.4541706745315422e+19,2.974450955463317e+19,7.013546804586934e+19,7.038321495124035e+19,8.008477904292114e+19,1023243611390368.4,1360158873212518.8,1.5179601431689078e+16,1.530982128508839e+16,-948.3173169099191,-798.8446715409109,60.83023790080621,60.33857601918675,23984.226700392992,21868.40827232226,4620.376125255429,4597.259082298556,3.8364888656667016e+16,9,30,Beta,49,D,a,o,1,9.1311e+16
2014-08-22,2485.85,3566.516666666667,47893.70833333334,48648.275,1.209015209545736e+18,1.5750601795936868e+18,4.790610865859052e+18,4.790273918806888e+18,6.489097910521079e+18,2.7714863516365087e+18,3.540662556677723e+18,1.8051855277702257e+19,1.8239217300432327e+19,4.954655819083138e+19,329660135180492.3,472972370198045.8,6351407511902062.0,6451474108573633.0,3667.4595455218982,3330.1314809027176,754.2597222555481,742.50843112598,8407.101908512812,7485.981803112845,2842.1818697468916,2827.1395023028103,3.8364888656667016e+16,9,10,Beta,61,B,x,o,1,3.0437e+16
2014-08-23,877.7333333333332,1185.9333333333334,14553.0,14876.866666666667,9.050853000808558e+16,1.1765616102988626e+17,1.2840532299102072e+18,1.333213781682698e+18,2.869962205742648e+18,1.8900538884980127e+18,2.5875206570732754e+18,9.944006295837948e+18,1.0022574159241791e+19,5.22434145311112e+19,116400301433751.33,157272137490885.8,1929941045228676.0,1972890510849606.0,777.5626771860044,748.1055634327131,665.3328779574516,675.7667363449189,16237.534312346499,16452.50518212882,5152.492258984884,5080.14717700967,3.8364888656667016e+16,10,10,Beta,74,B,x,o,1,3.0437e+16
2014-01-29,18116.89855072464,22355.985507246376,147853.40579710144,149015.79710144928,5.586305649377023e+19,6.2239021178456375e+19,1.2233926104418751e+20,1.2237833589922025e+20,1.2720066559095004e+20,3.240796961956675e+19,2.8586222149559046e+19,-5.4666000046860616e+19,-5.499645758095648e+19,-9.300610638074964e+19,2402566214889534.5,2964731260700351.0,1.9607528105866664e+16,1.976167822535253e+16,23251.41182272835,20993.140931011,6239.402559243714,6192.709672917324,13488.89758738941,9642.095568151493,-2788.0107962463812,-2782.985177362152,8.806833014553714e+16,12,100,Beta,-65,E,a,o,1,3.0437e+17
2014-01-30,22549.5,28387.86274509804,185203.25490196078,186413.98039215687,7.026784003418544e+19,7.896604968339274e+19,1.473818956124924e+20,1.4741006486417188e+20,1.550194856428873e+20,-2.7616259489195872e+19,-4.106449080704858e+19,-1.343837178505465e+20,-1.3466610939975855e+20,-1.8468103302426545e+20,2990394118008935.0,3764646567586250.5,2.4560665384817092e+16,2.4721225325587656e+16,23497.852544256337,20975.6874292778,6000.728942123894,5962.894756336992,-9234.989904134554,-10907.92723030507,-5471.501514515963,-5447.388130084824,8.806833014553714e+16,11,210,Beta,-54,E,a,o,1,6.39177e+17
2014-01-31,26962.95,33412.96666666667,232162.825,233388.85833333328,3.8723015063159325e+19,4.454654274096155e+19,1.1109509037721944e+20,1.111221554893674e+20,1.16199508867227e+20,1.1946086634032286e+19,4.472962131459965e+18,-8.051681391807573e+19,-8.071820352103463e+19,-1.1846425990841624e+20,3575682258328079.0,4431048980475337.0,3.0788192478783908e+16,3.0950782463860416e+16,10829.545878404047,10053.272472782022,3608.366761178815,3590.2858229551653,3340.9251077074305,1009.4589681064938,-2615.1848301442096,-2607.953566772827,8.806833014553714e+16,11,160,Beta-Gamma,-41,E,a,o,3,4.86992e+17
2014-02-01,30425.75,38176.38333333333,253790.075,254795.41666666663,2.4492817194803515e+19,2.9043014289915662e+19,9.69246888677928e+19,9.693059048327124e+19,9.94926031032372e+19,8.377582920705943e+19,8.560187640915144e+19,2.6695009271085474e+19,2.6595758085269615e+19,-2.4059708874652764e+18,4034900278764955.0,5062747828858925.0,3.3656282733056012e+16,3.378960576933571e+16,6070.2410227349,5736.610882407225,2879.8393939267926,2868.651121441505,20762.800421105432,16908.184903304762,793.1657064690206,787.098797980219,8.806833014553714e+16,11,210,Beta-Gamma,-29,E,a,i,3,6.39177e+17
2014-02-02,34854.083333333336,42922.53333333333,268803.075,269687.425,5.609181957695549e+19,6.541854668543466e+19,1.4816527191450554e+20,1.481644999636685e+20,1.4872955682851783e+20,1.654743628541638e+20,1.6358115937822143e+20,1.162499038856346e+20,1.1619630702576093e+20,9.756208619324432e+19,4622162167169705.0,5692156864233905.0,3.5647226518668468e+16,3.576450428705629e+16,12135.407099163349,11492.751912106554,4156.431969171888,4142.780751956108,35800.207104262845,28737.992167093496,3261.120576232052,3248.9282136594334,8.806833014553714e+16,12,220,Beta-Gamma,-15,E,a,i,3,6.69614e+17
2014-02-03,34478.90833333333,42419.84166666667,275123.675,276083.0,7.350053775516697e+19,8.232382641987935e+19,1.6151805590311993e+20,1.615178248434798e+20,1.6146553900654975e+20,8.892159193187063e+19,8.281874896504006e+19,2.277545907096501e+19,2.275732320706373e+19,1.5343286188145668e+19,4572408464727344.0,5625492583288780.0,3.648543069447224e+16,3.661265124646936e+16,16074.796974541483,14634.06540867771,4426.919261435247,4411.530423081703,19447.429646286662,14722.043934617099,624.2343488195585,621.5699336785469,8.806833014553714e+16,13,300,Beta-Gamma,-3,E,k,c,3,9.1311e+17
2014-02-04,36999.80833333333,46027.83333333334,286407.90833333327,287613.33333333326,1.0112410343584943e+20,1.1444011816350106e+20,2.1826872719473908e+20,2.182678309935496e+20,2.174204145058877e+20,9.678355021489077e+19,9.881429354915638e+19,5.268070452470093e+19,5.275245588522469e+19,5.720041922680889e+19,4906716743495774.0,6103965146220343.0,3.798188538243606e+16,3.8141742400538504e+16,20609.321614070574,18748.488142066784,5746.65330583281,5722.544835562309,19724.70702393504,16188.541576182413,1386.9955109985674,1383.063608664084,8.806833014553714e+16,14,320,Beta-Gamma,9,E,k,c,3,9.73984e+17
2014-02-05,45039.84615384616,54273.80341880341,303804.3931623932,304943.1709401709,1.206369903182064e+20,1.4001655880415987e+20,2.481599640761061e+20,2.4814079247400865e+20,2.4691400561982783e+20,3.5558454756515735e+20,3.744084721676712e+20,4.0009258758540834e+20,4.002476072187251e+20,4.09538480838076e+20,5972943569236077.0,7197501607821146.0,4.028891418160467e+16,4.0439932801458136e+16,20197.242602383325,19453.494619856876,6159.509858158756,6136.03374892506,59532.547636413656,52019.22730532234,9930.587500620326,9897.336110417411,8.806833014553714e+16,15,330,Beta-Gamma,22,E,k,c,3,1.004421e+18
2014-02-06,46500.675,54356.71666666667,280745.8583333333,282024.90833333327,1.2149225442196677e+20,1.3536184181349084e+20,2.450472293883756e+20,2.4506324867442272e+20,2.444367196934074e+20,4.142119072487235e+20,4.355050817713032e+20,4.7370909073845774e+20,4.740211190280511e+20,4.891670103633076e+20,6166670879773172.0,7208497119416317.0,3.7231014586370856e+16,3.740063535830102e+16,19701.433202875196,18778.094736125982,6581.803695408288,6552.381966955843,67169.45258216203,60415.51720930239,12723.507430599762,12674.146160536888,8.806833014553714e+16,13,430,Beta-Gamma,36,E,k,c,3,1.308791e+18
2014-02-07,37559.68376068377,43481.53846153846,207138.6923076923,208601.31623931625,1.11563287644006e+20,1.2373487621086627e+20,2.2964858727665395e+20,2.2969797468503848e+20,2.3008796379357017e+20,1.531616591192527e+20,1.7140180993907586e+20,2.062296282061748e+20,2.0656365701116864e+20,2.44925662928212e+20,4980964429021684.0,5766289135340646.0,2.7469625804961784e+16,2.7663591170135616e+16,22397.92900225916,21458.31978013648,8360.091575589391,8303.25944568651,30749.398294606035,29724.80323412541,7507.5514195364085,7466.986326567954,8.806833014553714e+16,11,740,Beta-Gamma,48,E,k,c,3,2.252338e+18
2014-02-08,32172.32,36844.24,163443.76,164566.3,1.0535033661681318e+20,1.1576909634914304e+20,1.953690324118583e+20,1.95442171324872e+20,2.0075584996658587e+20,1.5718202135804199e+19,3.525020377901012e+19,1.48187659471462e+20,1.4833014069122164e+20,2.0483949361950324e+20,4266521053269528.0,4886086102951707.0,2.1675037518759356e+16,2.1823902771347204e+16,24692.32784778618,23693.62592263906,9013.549907019535,8955.417982409166,3684.079356354986,7214.404952404607,6836.789064065437,6796.682621128866,8.806833014553714e+16,11,620,Beta-Gamma,59,E,k,c,3,1.887094e+18
2013-06-23,8521.255813953489,10316.116279069767,74914.86046511628,75825.60465116281,2.1068352298739544e+19,2.2837092939570147e+19,3.994501110298549e+19,4.002808780611338e+19,4.453054264452618e+19,-5.062172738891319e+18,-5.434126291390375e+18,1.0630600556196024e+18,1.7984260991599117e+18,5.362036097948737e+18,1130043382961748.8,1368068180741322.5,9934808225740874.0,1.0055586249952692e+16,18643.84378192735,16692.949416596537,4020.712850751243,3980.6816640155316,-4479.626902131659,-3972.116571299652,107.00358089099664,178.84845840473724,4.47538647946442e+16,2,110,Alpha,-75,H,s,x,0,3.34807e+17
2013-06-24,9402.416666666666,11664.425,96676.33333333331,97563.99166666668,2.09138236814932e+19,2.319989271131061e+19,5.512141651232703e+19,5.515422431375552e+19,5.821619288113481e+19,-8.37176085191383e+18,-1.41218848943478e+19,-6.630120108142346e+19,-6.61943702859991e+19,-7.395865822596447e+19,1246898223688737.0,1546873673915447.0,1.2820698399107346e+16,1.2938414900972208e+16,16772.67902397294,14997.92329685658,4299.408253466513,4262.826995106731,-6714.069113954943,-9129.307151890744,-5171.4188273892905,-5116.111269628955,4.47538647946442e+16,3,100,Beta,-61,C,a,o,1,3.0437e+17
2013-06-25,12104.083333333336,15498.966666666667,133399.43333333332,134120.80833333332,1.010943264601067e+19,1.1579254697131694e+19,4.590011195583757e+19,4.591556840112904e+19,4.778636705028666e+19,-1.146327752913383e+19,-1.4957223056732068e+19,-5.71864548160517e+19,-5.71766737021131e+19,-6.4499708609302454e+19,1605178811232621.2,2055390086486022.0,1.7690719562993638e+16,1.7786384458307444e+16,6298.01027478528,5633.604430255892,2594.587054098907,2581.5009514023723,-7141.433371109071,-7277.072685654304,-3232.568048598616,-3214.631609709062,4.47538647946442e+16,7,80,Beta,-49,C,a,o,1,2.43496e+17
2013-06-26,15170.025,19218.791666666668,156538.175,157176.8,5.513360165234767e+18,6.277499120476863e+18,2.130568611873574e+19,2.130879023795045e+19,2.205988011867802e+19,-4.6011168594121503e+18,-5.068185993798593e+18,-5.619061790852264e+18,-5.600515437635128e+18,-1.15713265050911e+19,2011767601501075.0,2548693388112337.0,2.075925576016556e+16,2.0843946792942936e+16,2740.555201863768,2463.026407867063,1026.3222518612017,1022.3011241405056,-2287.101579714794,-1988.5428421628587,-270.67742002748224,-268.68785903499213,4.47538647946442e+16,7,80,Beta,-36,C,a,o,1,2.43496e+17
2013-06-27,17282.041666666668,21957.991666666665,170254.06666666668,170897.60833333337,4.964986839913614e+18,5.563800100265588e+18,1.2072487537389044e+19,1.2074621719253922e+19,1.2180648191784071e+19,1.862378266558143e+19,2.166203250925592e+19,2.7966071303679463e+19,2.8009690229809824e+19,2.718616628970376e+19,2291851958898660.0,2911951445632462.0,2.2578183974238948e+16,2.2663527029060284e+16,2166.3645510068277,1910.6774972537899,534.6970133277061,532.777696241686,8126.08449392648,7439.008827480992,1238.6324487207623,1235.8928155310703,4.47538647946442e+16,5,80,Beta,-22,C,s,o,1,2.43496e+17
2013-06-28,18651.166666666668,23857.275,186979.70833333328,187593.23333333328,6.738562836725506e+16,8.25610806461687e+17,1.0174347355380349e+19,1.017251819057352e+19,1.0057408427572177e+19,3.986224757350689e+19,4.550416851704903e+19,6.032855454802387e+19,6.033130797398374e+19,6.025960360609496e+19,2473417995698544.0,3163824245846764.5,2.4796249140203824e+16,2.4877611545190692e+16,27.243930659695863,260.9534355599835,410.3180000270281,408.9025255537467,16116.26002674448,14382.647385291251,2432.97097907478,2425.1246091044827,4.47538647946442e+16,12,80,Beta-Gamma,-11,E,s,o,3,2.43496e+17
2013-06-29,19009.45,24424.45833333333,192319.3083333333,192875.15833333333,5.412374134870304e+18,5.83845814363775e+18,1.0179584222240877e+19,1.0175954168648958e+19,9.95423601256748e+18,1.850391223971931e+19,2.3785886874427183e+19,4.1841751228243214e+19,4.186529081626326e+19,4.218146742939398e+19,2520931615627173.5,3239041066788811.5,2.5504358341406532e+16,2.557807219628116e+16,2146.973801795801,1802.5267427146277,399.13116362211076,397.8389806143583,7340.108761782412,7343.49654232959,1640.5725903055868,1636.7649013966786,4.47538647946442e+16,12,50,Beta,1,E,a,o,1,1.52185e+17
2013-06-30,16405.5,21327.55,189963.00833333333,190476.71666666667,-2.557882140323651e+18,-2.972591161531668e+18,-4.4952304026113766e+18,-4.500024337791841e+18,-4.645341451503826e+18,2.922525638377944e+19,3.6066634641837793e+19,6.569446551579383e+19,6.570605555067612e+19,6.752928869884034e+19,2175609689926410.0,2828345642765536.5,2.5191878434523264e+16,2.5260003686895696e+16,-1175.7081944280967,-1050.9999614562983,-178.43966714491035,-178.14820589778256,13433.13394819821,12751.848323096781,2607.763676160223,2601.1894679478173,4.47538647946442e+16,12,50,Beta,14,C,s,o,1,1.52185e+17
2013-07-01,13351.319327731091,17225.55462184874,176273.68907563025,176874.243697479,-3.339232638181002e+18,-3.747202657722572e+18,-4.251714040026884e+18,-4.2508169580231455e+18,-4.181143623646536e+18,2.4116769013773627e+19,3.049144409641141e+19,6.541113180307043e+19,6.543761772945559e+19,7.010417759356192e+19,1770580579849046.0,2284360949050670.5,2.3376474111244176e+16,2.3456116454033132e+16,-1885.953498069935,-1640.3724023035088,-181.88003972685482,-181.2242434229663,13620.825444628872,13347.909886606569,2798.1607273959003,2789.789087963195,4.47538647946442e+16,6,20,Beta,28,C,r,o,1,6.0874e+16
2013-07-02,9332.641666666666,12474.833333333336,148684.58333333337,149452.3,-9.32180917931922e+17,-9.805484513489262e+17,2.863296259114944e+18,2.8643089871516206e+18,3.931664917321528e+18,1.1755458809981725e+19,1.5859519035368942e+19,5.43079979635478e+19,5.443103932853301e+19,5.936699012523452e+19,1237645036275088.2,1654345693835420.0,1.9717754426422292e+16,1.9819564905780916e+16,-753.1892348855415,-592.7107345234668,145.21411501494583,144.5192667330536,9498.247450142779,9586.58102382482,2754.2689085717443,2746.3286700434437,4.47538647946442e+16,6,10,Beta,42,B,x,o,1,3.0437e+16
